label,text,syndrome_category
Bronchial Asthma,"Doctor Due to a high fever, I haven't been able to breathe via my nose or mouth for a few days and feelinf too tired. Please recommend some medications for me.",Respiratory
Pneumonia,"I'm having trouble breathing and am really uncomfortable. I'm sweating profusely and have a lot of mucus in my throat. My chest aches, and my heart is racing. I'm coughing up dark mucous.",Respiratory
Migraine,"I have been experiencing acid reflux and difficulty digesting my food, along with regular headaches and impaired vision",Musculoskeletal/Other
urinary tract infection,"I've been experiencing frequent, intense, abrupt cravings to urinate. Sometimes I get blood in my pee, and it smells awful. What should I do if I believe I have an infection?",Musculoskeletal/Other
Fungal infection,"All over my body, I've been scratching so much that my skin has become red and developed pimples. Additionally, I occasionally get these nodules that resemble little pimples, as well as these strange patches that are a different hue from the rest of my skin.",Dermatological
Common Cold,"I keep sneezing, and I'm miserable and exhausted. I have a lot of gunky things in my nose and throat, and my throat is really hurting. My neck also feels puffy and swollen.",Respiratory
Arthritis,"My muscles have been quite weak, and my neck has been really stiff. My joints have swollen, making it difficult for me to walk about without feeling stiff. Walking has also been really uncomfortable.",Musculoskeletal/Other
drug reaction,"I have rashes on my back and chest, and my entire body itches. My skin may be dry and flaky at times, which frequently leaves body marks.",Febrile/Systemic
allergy,"I'm nauseous, ill, and shaky. I have a huge throat, which makes it tough for me to breathe. I occasionally have nighttime chest aches and occasional sickness.",Dermatological
peptic ulcer disease,"Only when I hunch down or lie down does my stomach hurt more. I have pain after eating certain foods, such as hot or acidic food. I occasionally get loose stools as a result of this.",Gastrointestinal
Fungal infection,"Recently, I've been itching myself a lot, and my skin is covered with rashy patches. Furthermore, there are a few regions where my skin doesn't appear to be its usual tone, and I've experienced a few lumps that are exceptionally painful.",Dermatological
Fungal infection,"All over my body has been itching like crazy, and now there are red areas all over. Additionally, some of the patches have a different tone than my natural skin. And on my skin, there are these lumps or pimples that have developed.",Dermatological
Fungal infection,"I've been really itchy lately and there are these rashy spots all over my skin. There are also some areas that look different in shade than the rest of my skin, and I've had some bumps that are kind of hard.",Dermatological
Typhoid,"I've had a persistent stomach pain for the past week, and it is not healing even with medication. I feel like vomiting and can't eat anything, and because of which I have become extremely weak.",Febrile/Systemic
Varicose Veins,My veins of legs have become more visible and swollen than normal. They are visible through my skin and it hurts when I move.,Musculoskeletal/Other
Dengue,I have been experiencing a severe headache that is accompanied by pain behind my eyes. I have lost my apetite and experience chills every night.,Febrile/Systemic
Acne,I've just developed a severe rash on my skin. It's clogged with pus-filled pimples and blackheads. My skin has also been quite sensitive.,Dermatological
Common Cold,I've been feeling really exhausted and sick to my stomach. I've had a really bad cough and my throat has hurt a lot. I've experienced substantial sinus pressure and a congested nose. I'm really unpleasant and worn out.,Respiratory
diabetes,"I have respiratory issues, especially when doing out. Unexpectedly, I'm sweating and flushed. I frequently have yeast infections and urinary tract infections",Musculoskeletal/Other
Varicose Veins,"The veins in my legs are causing discomfort and difficulty sleeping at night. They are swollen and protruding from my skin, making them noticeable and painful.",Musculoskeletal/Other
gastroesophageal reflux disease,"I have a tendency to burp and belch regularly. I often get chest discomfort that radiates to my arm, jaw, and neck. My chest feels tight and stressed.",Gastrointestinal
Jaundice,"Extreme itchiness, sickness, and exhaustion have all been plaguing me. In addition, I developed a fever and lost weight. My pee is black, and I've developed a yellow rash. Additionally, I've had stomach ache.",Gastrointestinal
allergy,"I've been losing my appetite and having trouble swallowing. My nose has been running, and I have a sore throat.",Dermatological
drug reaction,I am experiencing a decrease in my sex drive and difficulty to fucntion sexually. I feel very light headed and confused and often experince brain fog,Febrile/Systemic
Cervical spondylosis,"I've been struggling with back pain, a chronic cough, and limb weakness. I've been feeling disoriented and weak on my feet, and my neck hurts.",Musculoskeletal/Other
drug reaction,I have severe nausea and chest discomfort. I have been having chest discomfort lately. I often shiver a lot and feel really nervous.,Febrile/Systemic
Arthritis,I've been feeling truly frail in my muscles recently and my neck has been truly solid. Swollen joints make it difficult for me to move around. Walking has also been difficult.,Musculoskeletal/Other
Common Cold,"I can't quit sneezing, and my nose is running. I'm also constantly chilly and exhausted, and I've been coughing a lot. My fever is also really high, well above usual.",Respiratory
Dengue,The muscle pain I have been experiencing is severe and feels like a constant ache. There are red spots all over my body and the itching is causing me a lot of discomfort.,Febrile/Systemic
Bronchial Asthma,"I have been feeling extremely tired and weak, and I've also been coughing a lot with difficulty breathing. My fever is very high, and I'm producing a lot of mucus when I cough.",Respiratory
diabetes,"My mouth and throat are dry. Additionally, I've been growing increasingly hungry. However, I do get periodic bouts of exhaustion.",Musculoskeletal/Other
Pneumonia,"I've been coughing a lot recently with chest pain and feeling incredibly chilly and exhausted. Additionally, my heart is thumping rapidly, and the phlegm I cough up has a reddish hue.",Respiratory
Pneumonia,"I'm drenched with sweat and struggling to breathe. I don't feel well and have a lot of mucous in my throat. My chest aches, and my heart is racing. I'm coughing up mucus that is crimson in colour.",Respiratory
Varicose Veins,The veins on my calves are very prominent and are causing me a lot of discomforts. They are swollen and protrude from my skin.,Musculoskeletal/Other
Dimorphic Hemorrhoids,"Constipation and soreness with bowel motions have been bothering me lately. When I go, my anus bleeds and is really uncomfortable. I'm in a lot of discomfort and it hurts extremely bad.",Gastrointestinal
Jaundice,"I've been losing weight, feeling really fatigued, and throwing up a lot. My skin has become yellow, and I have a severe fever. I have dark urine, and I've been having stomach pain.",Gastrointestinal
drug reaction,My tongue also has a metallic aftertaste in addition to a change in taste and scent. occasionally get acute muscle and joint ache,Febrile/Systemic
drug reaction,I have terrible mental clarity and find it difficult to stay focused. I regularly forget things and have problems remembering things.,Febrile/Systemic
gastroesophageal reflux disease,I often get aburning sensation in my throat while and especially after eating. Sometimes this also leaves a sour or bitter taste in my mouth and I get nauseos beacuse of this,Gastrointestinal
allergy,"I get breathing issues and wheezing, which are asthma symptoms. I regularly have fevers and headaches. I'm always worn out.",Dermatological
peptic ulcer disease,"A sour, acidic taste is all over my mouth. Belching and burping are common in me. I have pressure or fullness in my upper abdomen for a few hours.",Gastrointestinal
Impetigo,I have a high fever. There are red sores developing near my nose. The sores are painful and have yellow rust-colored ooze coming out from them.,Dermatological
Dengue,There is a constant behind my eyes. I have developed red spots on my neck and face and rashes on my arms. My arms and legs pain a lot. . The spots are itchy and uncomfortable and it is worrying me.,Febrile/Systemic
diabetes,I feel my muscles trembling and shaking. I feel worn out and my senses of taste and smell have diminished. Sometimes I have palpitations or a quick heartbeat.,Musculoskeletal/Other
Acne,I woke up this morning and found that I have a really nasty rash all over my skin. There are a ton of blackheads and pimples that are filled with pus. My skin has also been really scurrying.,Dermatological
Hypertension,"I've been experiencing dizziness and anxiousness, as well as a loss in my attention and concentration and ability to concentrate.",Musculoskeletal/Other
Common Cold,"I've been experiencing severe weariness and a sickly sensation. My throat has been really painful and I've had a fairly severe cough. My nose has been quite stuffy, and I've had significant sinus pressure. I'm really miserable and extremely exhausted.",Respiratory
Hypertension,"I have been feeling fine all day, but suddenly developed a headache, chest pain, and dizziness while out for a run. It's been hard for me to maintain my balance since then",Musculoskeletal/Other
drug reaction,"I have headaches and migraines, and I have been having difficulties sleeping. I've been shaking and shivering all over. Sometimes I become lightheaded.",Febrile/Systemic
drug reaction,I have difficulty in maintianing concentration and very low mental clarity. I often forget things and in general have difficulty remembering things,Febrile/Systemic
Hypertension,"I've been experiencing balance issues along with feeling dizzy and lightheaded. Additionally, I've seen a drop in my concentration and focus.",Musculoskeletal/Other
Impetigo,"I am suffering from extreme fever and weakness. I have developed sores on my face. The sores itchy and uncomfortable. Often, a yellow colored ooze comes out of the sores.",Dermatological
allergy,"I sneeze a lot and my nose is running. My eyes ache and are damp, and I frequently croak. My head hurts all the time.",Dermatological
Bronchial Asthma,"I've been feeling really ill lately. I've had this persistent cough and difficulty breathing, and my fever has been off the charts. I'm also feeling extremely exhausted, and I've been producing a lot of mucus when I cough. It's just been so overwhelming to deal with all of these symptoms",Respiratory
gastroesophageal reflux disease,"I periodically find it challenging to swallow food due to the tingling in my throat, bad breath, and bad taste in my mouth.",Gastrointestinal
urinary tract infection,"I've been having frequent, strong, sudden urges to urinate. I occasionally urinate with blood in it, and the stench is horrible. What ought I to do if I think I'm infected?",Musculoskeletal/Other
peptic ulcer disease,"My mouth is filled with a sour, acidic flavour. I have frequent belching and burping. My upper abdomen has felt pressed in or full for the past few hours.",Gastrointestinal
Hypertension,"Headache, chest discomfort, dizziness, lack of balance, and difficulty concentrating are some of the symptoms I've been having.",Musculoskeletal/Other
diabetes,Both my water intake and frequency of urination have increased. My mouth and throat feel dry a lot. My hunger and appetite have both increased recently.,Musculoskeletal/Other
Fungal infection,"I've been having a lot of problems with itching, and it's been accompanied by a rash that seems to be getting worse over time. There are also some patches of skin that are different colors than the rest, and I've noticed some bumps that look like little nodes.",Dermatological
Acne,I've been struggling with a really nasty rash on my skin lately. It's covered in blackheads and pimples that are packed with pus. My skin has also been really scurrying.,Dermatological
Typhoid,"I've also been experiencing some diarrhea and constipation, which has been really worrying. It feels like a sharp, stabbing pain in my belly area. I feel tired all the time.",Febrile/Systemic
Arthritis,"My muscles have been feeling really weak, and my neck has been extremely tight. My joints have swollen, making it difficult for me to move. It has hurt a lot to walk.",Musculoskeletal/Other
Impetigo,I have been suffering from a high fever for the last couple of days. Sores are developing near my nose. The sores are painful and I am feeling very uncomfortable these days.,Dermatological
Bronchial Asthma,"I have a cough that has continued for days, and I feel really weak and tired. My fever is high, and my breath has become strained. When I cough, I also generate a lot of mucus.",Respiratory
Pneumonia,"I'm having problems breathing and have a very high fever. I'm perspiring a lot and experiencing extreme fatigue and chilly. My heart is racing, and I'm coughing up some brownish mucus.",Respiratory
Fungal infection,"I have been experiencing some really intense itching all over my body, along with redness and bumps on my skin. There are also these weird patches that are different colors than the rest of my skin, and sometimes I get these nodules that look like small bumps.",Dermatological
Migraine,"I have been experiencing acidity, indigestion, and frequent headaches, as well as blurred and distorted vision, excessive hunger, a stiff neck, depression, irritability, and visual disturbance.",Musculoskeletal/Other
gastroesophageal reflux disease,"It feels like food or acid is backing up in my throat. My chest discomfort only becomes worse while I'm lying down. After eating, I frequently have heartburn or indigestion and throw up.",Gastrointestinal
Bronchial Asthma,"I've been having issues with exhaustion, a dry cough, and breathing. I have a very high fever and have been coughing up a lot of thick, mucoid phlegm.",Respiratory
urinary tract infection,I occasionally urinate with blood in it and occasionally feel queasy while doing so. Help! I also occasionally get high temps at night and have a terrible odour coming from my pee.,Musculoskeletal/Other
Acne,I woke up this morning to find a really nasty rash on my skin. There are a ton of blackheads and pimples that are filled with pus. My skin has also been really scurrying.,Dermatological
Chicken pox,"I'm feeling really sick and uncomfortable like something is wrong inside. I don't know what it could be. I noticed small red spots on my arms, which itches if I touch them.",Febrile/Systemic
diabetes,I have a dry mouth and throat. I also have been experiencing an increased appetite and hunger. However I do feel very tired at times,Musculoskeletal/Other
Cervical spondylosis,"In addition to having excruciating back pain, I've also been coughing up mucus and feeling weak all over. I've been feeling lightheaded and unstable on my feet, and my neck hurts as well.",Musculoskeletal/Other
urinary tract infection,I occasionally urinate with blood in it and feel a little queasy. Help! I also occasionally get horrible pee odours and excessive overnight temps.,Musculoskeletal/Other
Fungal infection,"Doctor, My skin is covered in a very uncomfortable rash, along with some odd patches of a different hue. My skin also has a few pimples that resemble little knots",Dermatological
Chicken pox,"I have little red spots all over my body that I don't understand. It worries me. I have lost my appetite and every night, I am exhausted and have a severe headache.",Febrile/Systemic
Acne,I've recently developed a terrible rash on my skin. It's riddled with blackheads and pus-filled pimples. My skin has also been scurrying everywhere.,Dermatological
Arthritis,"Lately, I've been having stiffness and weakness in my neck muscles. Since my joints have matured, it is difficult for the American state to operate without becoming stiff. Furthermore, walking has been quite painful.",Musculoskeletal/Other
Hypertension,"I've been encountering poor balance, a headache, chest pain, and dizziness. My ability to pay attention and focus has also been problematic.",Musculoskeletal/Other
drug reaction,"I have rashes in my chest and back and itch all over my body. I occasionally have flaky skin, which frequently creates markings on my body.",Febrile/Systemic
Malaria,"I've had a high fever, chills, and intense itching. In addition, I have a headache and am perspiring a lot. My muscles hurt a lot, and I feel sick.",Febrile/Systemic
gastroesophageal reflux disease,"I have a loss of appetite and difficulty swallowing. I often have this persistent feeling of fullness, even after eating small meals. I usually throw up and get heartburn and a tingling sensation in my throat",Gastrointestinal
Migraine,"I have been experiencing frequent headaches, blurred vision, excessive appetite, a sore neck, sadness, irritability, and digestive problems including indigestion and acid reflux.",Musculoskeletal/Other
Dengue,"I have been feeling nauseous and have a constant urge to vomit. I get high fever and chills every night and feel terrible because of this. Also, I feel I have lost my appetite.",Febrile/Systemic
Hypertension,"I have been dealing with a headache and chest pain for a few days now, but today the dizziness and loss of balance became much worse.",Musculoskeletal/Other
Pneumonia,"I've recently been suffering with chills, lethargy, a cough, a high temperature, and difficulties breathing. I've been sweating profusely and generally feeling ill and weak. I've also had some quite thick and red phlegm.",Respiratory
urinary tract infection,"I have pain in my lower abdomen, and get a buring sensation in my pee. I also have been getting low temperatures since I started to get these other symptoms. I have been weak because of this",Musculoskeletal/Other
Bronchial Asthma,"I've had a lot of sleepiness, a cough that refuses to go away, and breathing difficulty. I've been coughing up a lot of thick, mucoid saliva and have a high fever.",Respiratory
Pneumonia,"I've recently been suffering with chills, lethargy, a cough, a high temperature, and difficulties breathing. I've been sweating profusely and generally feeling ill and weak. I've also had some quite thick and black phlegm.",Respiratory
Fungal infection,There are now red blotches all over my body where I have been itching horribly all over. A few of the patches also differ in complexion from my natural skin. And these lumps or bumps have developed on my skin.,Dermatological
Psoriasis,"I have noticed a sudden peeling of skin at different parts of my body, mainly arms, legs and back. Also, I face severe joint pain and skin rashes.",Dermatological
Cervical spondylosis,"I have been struggling with back pain, a productive cough, and weakness in my muscles. My neck is sore and I have had problems with dizziness and unsteady balance.",Musculoskeletal/Other
Typhoid,"I've had a high fever, particularly at night. It's been quite unpleasant. There is a little headache, as well as constipation and diarrhea. I don't feel like eating anything.",Febrile/Systemic
Varicose Veins,"The skin around the veins on my legs is red, inflamed, and itchy. It is causing a lot of discomforts and I am starting to get regular cramps.",Musculoskeletal/Other
Cervical spondylosis,"Along with a chronic cough and limb weakness, I've been dealing with excruciating back discomfort. I've been experiencing neck pain as well as vertigo and instability.",Musculoskeletal/Other
peptic ulcer disease,"I feel bloated and uneasy at the same time. I've been losing weight, and I no longer like eating. I occasionally get bloody vomit and dark, tarry stools.",Gastrointestinal
Impetigo,I have noticed that the sores are taking longer to heal and are more prone to infection. The sores on my face are swollen and tender to the touch and very uncomfortable to handle.,Dermatological
Malaria,"I've had severe itching, chills, vomiting, and a high fever. I'm also sweating excessively and have a headache. Nausea and muscle pain have also been causing me a lot of discomfort.",Febrile/Systemic
Arthritis,"Recently, my muscles have felt quite weak, and my neck has been really tight. I have swollen joints and find it difficult to move about without becoming stiff. It has also been really uncomfortable to walk.",Musculoskeletal/Other
Hypertension,"I was in the middle of a meeting when I suddenly developed a headache, chest pain, and dizziness. It's been hard for me to focus and concentrate on the discussion since then.",Musculoskeletal/Other
Chicken pox,"I've had a mild fever for the past few days, and it's starting to worry me. The fever has been accompanied by a severe headache. I feel weak and lethargic.",Febrile/Systemic
Arthritis,"My neck has been so tense, and I've been feeling like my muscles are incredibly weak. I have trouble moving since my joints have enlarged. To walk has been quite painful.",Musculoskeletal/Other
Hypertension,"When I first experienced a headache, chest pain, and lightheadedness, I was out shopping. Since then, it has been difficult for me to concentrate on my work.",Musculoskeletal/Other
drug reaction,I have fever and feel very dizzy and lightheaded. My heart is beating very fast and I feel very confused. I am not able to think very clearing and everything feels very foggy,Febrile/Systemic
diabetes,"I constantly sneeze and have a dry cough. My infections don't seem to be healing, and I have palpitations. My throat does ache occasionally, but it usually gets better.",Musculoskeletal/Other
Typhoid,"I have lost my appetite and have noticed a significant weight loss. I have abdominal pain, especially in the area of my stomach and intestines. I am concerned about my health.",Febrile/Systemic
Common Cold,"I've had a nasty cough and cold for days. My sinuses are congested, and I have facial pressure. I've also been coughing up mucus, and it pains my chest. I can't smell anything and my muscles are aching.",Respiratory
Pneumonia,"I've been having chills and feeling exhausted, and I can't seem to shake this cough. My chest hurts when I cough, and my heart feels like it's going a million miles an hour. The phlegm I'm coughing up is a dirty rust color.",Respiratory
Chicken pox,"I have lost my appetite completely and can't seem to eat anything. I feel like vomiting and feel exhausted. I noticed rashes on my skin, which is really concerning me.",Febrile/Systemic
Hypertension,"I've been experiencing balance issues, chest pain, headaches, and pains. I've been having trouble focusing as well.",Musculoskeletal/Other
Dengue,I have developed rashes on my body that are itchy and. I have lost my appetite and feel very tired all day. I feel something is wrong with my body.,Febrile/Systemic
Dimorphic Hemorrhoids,"I've been quite constipated lately, and going to the restroom has been excruciatingly uncomfortable. I've also observed blood in my stool, and my anus has been aggravated.",Gastrointestinal
urinary tract infection,"I've been experiencing really low moods and very bad urine odour. I can't seem to keep my urine back, and the area near my kidneys hurts a lot. I frequently experience these irrational cravings.",Musculoskeletal/Other
Jaundice,"I've been exhausted and experiencing nausea and itching. In addition, I've lost weight and have a temperature. My urine is dark, and my skin has turned yellow. Additionally, I've been having stomach pain.",Gastrointestinal
allergy,"I get symptoms of asthma, such as wheezing and breathing problems. I frequently have headaches and fever. All the time, I feel exhausted.",Dermatological
Hypertension,"I woke up this morning feeling fine, but as the day went on, I started experiencing a headache, chest pain, and dizziness. It's been hard for me to focus and concentrate on my work since then.",Musculoskeletal/Other
Bronchial Asthma,"I've had a persistent cough for days, and I also have breathing problems. I'm so weak and exhausted, and my fever is through the roof. It's been very difficult to manage all of these symptoms, and I've also been coughing up a lot of mucus. I'm becoming so angry over everything.",Respiratory
Migraine,"Along with increased hunger, a sore neck, melancholy, impatience, and visual distortion, I've also been experiencing acid reflux, indigestion, frequent headaches, and blurred eyesight.",Musculoskeletal/Other
Jaundice,"I've been feeling really scratchy, dizzy, and worn out. In addition, I've lost weight and have a temperature. My urine is dark, and my skin has turned yellow. Additionally, I get stomach pain.",Gastrointestinal
Chicken pox,"I've had a high fever for the past few days, and it's starting to worry me. I don't know what's causing it. Also, I have red spots all over my arms and legs, some of which are swollen.",Febrile/Systemic
urinary tract infection,I have pain near my pelvic region and vomit a lot. Sometimes there is blood in my pee and there is almost a very foul smell in my urine.I sometimes get headches and have trouble sleeping due to this,Musculoskeletal/Other
diabetes,My wound is healing more slowly these days. My feet and hands are tingling and becoming numb. I feel really fragile.,Musculoskeletal/Other
Bronchial Asthma,"I've been having breathing issues, a persistent cough, and exhaustion. I've been coughing up a lot of thick, mucoid sputum and have a very high fever. I'm just feeling so exhausted and tired from having to cope with all of this.",Respiratory
Arthritis,"I've been experiencing severe muscular weakness, and my neck has been really stiff. I have swollen joints and find it difficult to move about without becoming stiff. It has also been really uncomfortable to walk.",Musculoskeletal/Other
Dengue,The nausea I have been feeling is accompanied by a loss of appetite and feeling of unease. There is a distinct pain in my back and muscles pain too.,Febrile/Systemic
Acne,I've been dealing with a really nasty rash on my skin lately. It's covered in blackheads and pimples that are packed with pus. My skin has also been really scurrying.,Dermatological
Typhoid,"I have been experiencing a lot of bloating and constipation, and it's been really uncomfortable. It feels like there's a lot of pressure and pain in my belly area.",Febrile/Systemic
gastroesophageal reflux disease,"Even when I don't have anything acidic in my stomach, I constantly have a sour taste in my mouth. I frequently have hiccups and a lump in my throat.",Gastrointestinal
gastroesophageal reflux disease,"My throat often feels like it is burning, especially after eating. A bitter or sour aftertaste that I occasionally experience also makes me feel unwell.",Gastrointestinal
Cervical spondylosis,"I have been experiencing severe back pain, a persistent cough, and weakness in my limbs. My neck also hurts and I have been feeling dizzy and off balance.",Musculoskeletal/Other
Bronchial Asthma,"I must admit that I have been having a high fever, a persistent cough, and shortness of breath. In addition, I've been coughing up a lot of thick, mucoid saliva and I've been feeling really depleted and worn out.",Respiratory
Migraine,"Along with eyesight problems, increased appetite, a sore neck, melancholy, irritability, and regular headaches, I have also been experiencing acid reflux, indigestion, and frequent dizziness. My regular activities have been made more tough by these symptoms, which have been causing me a great deal of distress.",Musculoskeletal/Other
Malaria,"Along with a high fever, I've had chills, vomiting, and severe itching. Along with my headache and excessive sweating, I've been feeling awful with nausea and muscle ache.",Febrile/Systemic
Acne,"I recently experienced a severe skin rash. Blackheads and pimples filled with pus are clogging it. Additionally, my skin has been quite irritated.",Dermatological
peptic ulcer disease,I've been experiencing bowel movements that are both constipated and diarrhoeic. I often lack the will to eat and energy.,Gastrointestinal
Psoriasis,"I have been experiencing a skin rash on my arms, legs, and torso for the past few weeks. It is red, itchy, and covered in dry, scaly patches.",Dermatological
Dengue,"My joints and back pain everyday. I feel like vomitting and this has made me very weak. Because of my body pain, I am not able to focus on my work and dont feel like doing anything.",Febrile/Systemic
Hypertension,"I have been experiencing chest pain, dizziness, and a headache that feels like a continual pressure in my forehead.",Musculoskeletal/Other
Migraine,"I have been struggling with digestive issues, including acid reflux and indigestion, as well as regular headaches and impaired vision, excessive hunger, a sore neck, depression, irritability, and visual disturbance",Musculoskeletal/Other
Psoriasis,"My nails have small dents or pits in them, and they often feel inflammatory and tender to the touch. Even there are minor rashes on my arms.",Dermatological
Impetigo,I have a high fever and am really weak. My face has gotten sores. The blisters are itchy and painful. A yellow ooze frequently leaks from the wounds.,Dermatological
Typhoid,"The fatigue has been really uncomfortable, and I've had a lot of difficulties doing my usual activities. I've also been feeling really depressed and irritable. There is mild pain in the abdominal part too.",Febrile/Systemic
Malaria,"I've had intense itching, chills, vomiting, and a high fever. I'm also sweating a lot and have a headache. Nausea and muscle pain have been making me feel miserable.",Febrile/Systemic
Dengue,I have been experiencing a severe headache that is accompanied by pain behind my eyes. I feel tired and fatigued because of which I cannot work all day. I am worried about my health.,Febrile/Systemic
Fungal infection,"I've been experiencing a lot of itching on my skin, and sometimes it turns into a rash. There are also some strange patches of skin that are a different color than the rest of me, and sometimes I get little bumps that look like nodules.",Dermatological
Common Cold,"I've been feeling really tired and sick. I've been sneezing a lot and I can't seem to get warm. I'm so tired and my head is killing me. And my fever is really high, like I'm boiling.",Respiratory
Arthritis,I've been feeling truly frail in my muscles recently and my neck has been truly solid. It has been difficult for me to move around because my joints have been swelling. Walking has also been extremely painful.,Musculoskeletal/Other
Hypertension,"Along with a headache and chest pain, I also experienced fainting and balance issues. Additionally, I've discovered that it's hard for me to focus.",Musculoskeletal/Other
Arthritis,"I've been experiencing severe muscular weakness, and my neck has been really stiff. It has been difficult to move about since my joints have swollen. It has been really uncomfortable to walk.",Musculoskeletal/Other
peptic ulcer disease,"I occasionally have burning in my upper abdomen throughout the day or at night. I regularly get severe heartburn, indigestion, and nausea.",Gastrointestinal
drug reaction,I've gained a lot of weight and am currently quite fat. I have many inclinations and cravings.,Febrile/Systemic
peptic ulcer disease,"My mouth is filled with a sour, acidic flavour. My burping and belching are frequent. For a few hours, I get pressure or fullness in my upper belly.",Gastrointestinal
Impetigo,My cheeks and nose are covered with red sores. I've observed that the rash on my neck and chest is spreading faster. I am also developing a mild fever.,Dermatological
Dengue,The vomiting I have been experiencing is accompanied by stomach cramps and dizziness. I have lost my apetite and feel weak as a result. There is a pain behind my eyes too.,Febrile/Systemic
Acne,"When I woke up this morning, I saw a terrible rash on my skin. Blackheads and pus-filled pimples are all over the place. Additionally, my skin has been shifting a lot.",Dermatological
Bronchial Asthma,"Hey, I've had a dry cough, breathing difficulties, as well as a high fever. a lot of mucous is being produced, and I feel incredibly weak and tired.",Respiratory
allergy,My skin is swollen and itchy. They may occasionally flake. It hurts a lot when my cheeks and lips swell. I occasionally get headaches and watery eyes from the puffing.,Dermatological
Migraine,"Along with recurrent headaches and blurred vision, I suffer acid reflux and trouble digesting my food.",Musculoskeletal/Other
Arthritis,I've been feeling really weak in my muscles lately and my neck has been really stiff. My joints have been swollen and it's hard for me to move around. It's also been painful to walk.,Musculoskeletal/Other
urinary tract infection,"I've had low temps and bloody urine for the past four days. My pee smells terrible, and my head hurts like hell. I scarcely have any control over when I urinate, and the urges strike without warning.",Musculoskeletal/Other
Pneumonia,"I'm sweating profusely and can't seem to get enough air. My throat is filled with a lot of mucus, and I don't feel good. My heart is pounding, and my chest aches. I'm coughing up reddish-colored mucous.",Respiratory
Jaundice,"I have been experiencing intense itching, vomiting, and fatigue. I have also lost weight and have a high fever. My skin has turned yellow and my urine is dark. I have also been experiencing abdominal pain.",Gastrointestinal
Arthritis,I've been feeling really weak in my muscles lately and my neck has been really stiff. My joints have been swelling up and it's hard for me to move around without feeling stiff. Walking has been really painful too.,Musculoskeletal/Other
Arthritis,I've been feeling really weak in my muscles and my neck has been really stiff. My joints have been swelling up and it's hard for me to move around without feeling stiff. Walking has been really painful too.,Musculoskeletal/Other
urinary tract infection,"My spirits have been incredibly low, and my pee smells awful. My kidney region hurts a lot, and I can't seem to hold my urine in. I get these unreasonable urges all the time.",Musculoskeletal/Other
Psoriasis,"My nails are starting to have small pits on them. I am worried and don't know what is causing it. Also, my joints pain and there are rashes on my arms and back.",Dermatological
Hypertension,"I've been experiencing balance issues, a headache, chest pain, and dizziness. My ability to concentrate and focus has also been challenging.",Musculoskeletal/Other
Pneumonia,"I have a lot of difficulty breathing. I don't feel well, and I'm perspiring a lot. My chest hurts, and I have a lot of mucus in my throat. I'm having trouble breathing, and the phlegm I'm coughing up has a strange hue.",Respiratory
Acne,"When I awoke this morning, I realised that I had a severe rash all over my body. There are many pus-filled pimples and blackheads all over the place. My skin has also been scurring a lot.",Dermatological
drug reaction,"My rashes occasionally cause my skin to start to fall off. I'm more likely to get ill as a result. My hands occasionally start to tremble, and I start to shake.",Febrile/Systemic
Psoriasis,"My nails have small dents on them. Even my joints have started to pain severely. There is a silver like dusting on my skin, particularly in my back.",Dermatological
Malaria,"I've experienced severe itching, chills, nausea, and a high fever. Along with having a headache, I'm also perspiring a lot. I've also been bothered by nausea and muscle ache.",Febrile/Systemic
urinary tract infection,"My pee looks cloudy and has storng and foul smell. I frequently get an urge to urinate at night, and have been getting high temperatures since these symptoms strted showing",Musculoskeletal/Other
urinary tract infection,"I have to go to the bathroom a lot, but generally only a few drops of urine come out. I have severe stomach pains and an overwhelming want to urinate.",Musculoskeletal/Other
Hypertension,"I've been experiencing balance issues, a headache, chest pain, and dizziness. I've also realised that I'm having trouble focusing.",Musculoskeletal/Other
Hypertension,"Along with a head pain, chest pain, instability, and balance issues, I've also been feeling unwell. I also think I'm having problems focusing.",Musculoskeletal/Other
Fungal infection,"My skin has been acting up lately, becoming exceedingly itchy and prone to rashes. Furthermore, several patches differ from my normal skin tone in terms of colour. And now I have lumps or bumps on my skin that weren't there before.",Dermatological
Pneumonia,I can't seem to catch my breath and I'm sweating a lot. I feel really sick and have a lot of phlegm in my throat. My chest hurts and my heart is racing. The mucus I'm coughing up is yellowish.,Respiratory
Arthritis,"Recently, I've been suffering neck muscle weakness and stiffness. My joints have enlarged and it is difficult for me to walk without feeling stiff. Walking has also been excruciatingly uncomfortable.",Musculoskeletal/Other
Cervical spondylosis,"Back pain, a productive cough, and muscle weakness have been bothering me. I have issues with dizziness and uneven balance, and my neck hurts.",Musculoskeletal/Other
Dimorphic Hemorrhoids,"Recently, I've been having a lot of difficulty using the restroom. When I do, it hurts a lot, and I've noticed some blood in my stool. Around my anus, I've also been experiencing some discomfort and itching.",Gastrointestinal
Typhoid,"The abdominal pain has been coming and going, and it's been really unpleasant. It's been accompanied by constipation and vomiting. I feel really concerned about my health.",Febrile/Systemic
drug reaction,"I suffer migraines and headaches, and I've been having trouble falling asleep. My whole body has been trembling and shivering. At times, I have dizziness.",Febrile/Systemic
allergy,"I get wheezing and breathing difficulties, which are asthma symptoms. I frequently have headaches and fever. I'm continuously exhausted.",Dermatological
Malaria,"I have a high fever, chills, and severe itching. In addition, I have a headache and have been perspiring a lot. I've also been bothered by nausea and muscular ache.",Febrile/Systemic
allergy,I have been experiencing a loss of appetite and have difficulty swallowing food. I have been suffering from sore throat and runnny nose also.,Dermatological
diabetes,"I experience skin irritations and rashes, especially in my skin's creases. Any wounds and bruises I have on my skin also heal quite slowly.",Musculoskeletal/Other
diabetes,"I struggle to focus and have emotional swings. At times, my head seems cloudy and foggy, making it challenging for me to do even simple tasks.",Musculoskeletal/Other
Dengue,I have been vomiting frequently and have lost my appetite as a result. My joints and back pain all the time.,Febrile/Systemic
allergy,"I'm dizzy, nauseated, and shaky. I'm having trouble breathing since my throat is swollen. On occasion, throughout the night, my chest hurts and I feel sick.",Dermatological
Dimorphic Hemorrhoids,"I've been experiencing a lot of bowel movement issues recently. It's difficult to go, and it hurts when I do. My anus is quite painful, and it has been bleeding whenever I go. It's excruciatingly painful, and I'm quite uneasy.",Gastrointestinal
Dimorphic Hemorrhoids,I've been having a really hard time going to the bathroom lately. It's really painful and I'm only able to go every few days. There's also a lot of pain in my anus and around that area. My stool has been really bloody and my anus feels really irritated.,Gastrointestinal
Typhoid,"I am experiencing a lot of belly pain and constipation, which has been really annoying. Sometimes, I feel a strong urge to vomit, and because of all of these, I am feeling very weak.",Febrile/Systemic
allergy,"My appetite has decreased, and I've been having swallowing issues. I have a sore throat, and my nose has been running.",Dermatological
Psoriasis,"The rash on my skin has spread to other parts of my body, including my chest and abdomen. It is itchy and uncomfortable, and it is often worse at night. I am also facing skin peeling.",Dermatological
Dimorphic Hemorrhoids,"Lately I've been really constipated, and it's been really painful when I do go to the bathroom. I've also noticed some blood in my stool, and my anus has been really irritated.",Gastrointestinal
Hypertension,"My coordination has been off, and I've been experiencing a headache, chest pain, and dizziness. Additionally, I've had trouble concentrating and focusing.",Musculoskeletal/Other
peptic ulcer disease,"Occasionally throughout the day or at night, I have burning in my upper abdomen. I get indigestion, heartburn, and frequent bouts of extreme nausea.",Gastrointestinal
gastroesophageal reflux disease,"I'm not in the mood to eat, and swallowing is difficult. I often have this lingering feeling of fullness even after little meals. My typical symptoms include heartburn, nausea, and throat tingling.",Gastrointestinal
peptic ulcer disease,I lose weight unintentionally and find it challenging to acquire weight. I use antacids to ease the pain and discomfort I experience. My mouth feels horrible.,Gastrointestinal
peptic ulcer disease,I have bloating and a feeling of uneasiness. I have been experiencing weight loss and a loss of appetite. Sometimes I have dark and tarry stools and blood in my vomit,Gastrointestinal
Fungal infection,"My skin frequently develops itchy bumps that can occasionally turn red or rough. Aside from that, my skin occasionally develops strange pimples that resemble small balls and some odd spots that are a different hue from the rest of my skin.",Dermatological
Typhoid,"I've had a lot of bloating and constipation, which has been really painful. There is a lot of pressure and pain in my stomach area. I get a high fever and chills every night.",Febrile/Systemic
gastroesophageal reflux disease,"I don't feel like eating, and swallowing is challenging. Even after eating little meals, I frequently get this lingering sense of fullness. Typically, I have heartburn, nausea, and tingling in my throat.",Gastrointestinal
Chicken pox,"My skin rash is giving me a lot of pain and discomfort. It's red and swollen, and it's spreading throughout my body.",Febrile/Systemic
Varicose Veins,"Recently, the pain in my calves has been constant and becomes worse when I stand or walk for long periods of time. My legs have started to swell and also some blood vessels are quite noticeable.",Musculoskeletal/Other
Common Cold,"My sinuses feel incredibly congested, and my eyes are continuously red. I just constantly feel drained and exhausted. In addition, I have a lot of uncomfortable phlegm in my throat. My lymph nodes feel bloated, and breathing has been challenging.",Respiratory
Bronchial Asthma,"I've had ongoing health problems for a week, including a dry cough, breathing difficulties, and general weakness.",Respiratory
Psoriasis,"I am worried about the constant peeling of the skin on my palm, elbow and knee. I have developed rashes on my arms, which itch if I touch them. All of these are making my life quite discomforting and miserable.",Dermatological
Pneumonia,"Lately I've been experiencing chills, fatigue, a cough, a high fever, and difficulty breathing. I've been sweating a lot and just feeling really sick and weak. I've also had some phlegm that's been really thick and dark.",Respiratory
gastroesophageal reflux disease,My throat feels as though food or acid is backing up. Lying down only makes my chest pain more. I regularly have heartburn or indigestion after eating and puke up.,Gastrointestinal
gastroesophageal reflux disease,"My throat frequently feels like it is burning, especially after eating. Additionally, I occasionally get a sour or bitter aftertaste, which causes me to feel queasy.",Gastrointestinal
gastroesophageal reflux disease,"I have a persistent sour taste in my mouth, even when I haven't eaten anything acidic. I get frequent hiccups and a feeling of lump in my throat.",Gastrointestinal
diabetes,"I'm shaking and trembling all over. I've lost my sense of taste and smell, and I'm exhausted. I occasionally get palpitations or a speeding heart.",Musculoskeletal/Other
drug reaction,"I've noticed a difference in my monthly cycle and an unexpected vaginal discharge. I become irritable every now and again, and my moods swing a lot.",Febrile/Systemic
gastroesophageal reflux disease,"I always have foul breath and a sour taste in my mouth, and occasionally, the tingling in my throat makes it difficult to swallow meals.",Gastrointestinal
Malaria,"I'm suffering from intense itching, chills, vomiting, and a high fever. I've also been sweating a lot and have a headache. Nausea and muscle pain have also been bothering me.",Febrile/Systemic
Pneumonia,"I've been getting chills, feeling tired, and I can't seem to shake this cough. My chest aches and my heart feels like it's racing at a million miles per hour when I cough. I'm coughing out a foul rusty phlegm.",Respiratory
peptic ulcer disease,"My appetite and chronic hunger are both ferocious. My stomach may occasionally ache and spasm. I have gas and bloating after eating, which is really painful.",Gastrointestinal
Fungal infection,"I've been quite itchy recently, and I have rashy patches all over my skin. There are also certain regions that are darker in colour than the rest of my skin, and I've got some firm lumps.",Dermatological
Cervical spondylosis,"I have been struggling with back pain, a cough that won't go away, and weakness in my extremities. My neck hurts and I have had problems with dizziness and losing my balance.",Musculoskeletal/Other
Acne,"When I awoke this morning, I saw a severe rash across my skin. There are many pus-filled pimples and blackheads all over the place. My skin has also been shifting a lot.",Dermatological
Chicken pox,I've lost my appetite and can't seem to eat anything. I'm worried about my health.,Febrile/Systemic
Psoriasis,"I am starting to have rashes on my skin. The rash often bleeds when I scratch or rub it. Moreover, I have noticed small dents in my nails.",Dermatological
Typhoid,"I've also been suffering from diarrhea, which has been really uncomfortable. It comes and goes, and it's accompanied by stomach aches and vomiting.",Febrile/Systemic
Dimorphic Hemorrhoids,"It's incredibly difficult for me to use the restroom, and when I do, it hurts a lot. My stools have been bloody, and my butt has been hurting. My anus has also been quite itching and aggravated.",Gastrointestinal
urinary tract infection,"My urine is frequently black, red, and has a really strange odour. I have been experiencing temperature changes very regularly, which usually prevents me from sleeping at night.",Musculoskeletal/Other
Chicken pox,"There are red spots all over my body that I can't explain. The spots are itchy and starting to swell, and they are spreading rapidly.",Febrile/Systemic
Impetigo,"Initially, I developed small red sores near my nose and neck. Now, I am having a high fever and the sores have become more painful and inflamed over the past few days.",Dermatological
Cervical spondylosis,"Along with a persistent cough, weakness in my arms and legs, and severe back pain, I've been having a lot of trouble. I've experienced issues with vertigo and balance loss, and my neck is hurting.",Musculoskeletal/Other
drug reaction,"I'm shedding hair, and the texture of my hair has changed significantly. My dry, itchy scalp and dandruff are becoming worse. My skin is also becoming pretty dry.",Febrile/Systemic
allergy,I hace difficulty in breething and shortness of breath. I cough uncontrollably and get itchy eyes and swelling on my face and other body parts,Dermatological
Malaria,"I have a high temperature, vomiting, chills, and severe itching. In addition, I've been perspiring a lot and have a headache. I've also been bothered by nausea and muscle ache.",Febrile/Systemic
Bronchial Asthma,"I feel really fatigued and weak, and I have a bad cough. My fever is really high, and my breathing has become shallow. When I cough, a lot of saliva comes out as well.",Respiratory
drug reaction,"My monthly cycle has changed, and I've had an unexpected vaginal discharge. I occasionally lose my temper, and my moods change a lot.",Febrile/Systemic
Psoriasis,"Because of dry, flaky areas on my skin, I am prone to infections. My joints are in excruciating agony. The skin on my knees and elbows is beginning to flake.",Dermatological
Acne,"I've recently struggled with a really irritating skin rash. There are blackheads and pus-filled pimples all over it. Additionally, my skin has been scurring a lot.",Dermatological
Arthritis,"My muscles have been feeling really weak, and my neck has been extremely tight. I have swollen joints and find it difficult to move about without becoming stiff. It has also been really uncomfortable to walk.",Musculoskeletal/Other
Dengue,"I've been feeling sick and feel a strong need to vomit. There is a sharp ache behind my eyes, and swollen red dots all over my back.",Febrile/Systemic
Arthritis,"My muscles have been feeling feeble recently, but my neck has been rock solid. My joints have become swollen, making it difficult for me to move about. Walking has been quite uncomfortable as well.",Musculoskeletal/Other
urinary tract infection,"I have a mild temperature and blood in my pee. My head hurts almost constantly, and I frequently experience severe, involuntary desires to urinate. Additionally, I've been experiencing lower back ache",Musculoskeletal/Other
Fungal infection,"I've had a pretty uncomfortable itch all over my body, as well as red and bumpy areas on my skin. There are also certain patches of my epidermis with a distinct shade than the rest of it, and I've had some pimples that resemble little balls.",Dermatological
Impetigo,"The sores around my nose are now surrounded by red, inflamed skin. The rash has caused my skin to become dry and flaky, with a visible yellow colored fluid coming out of the sores.",Dermatological
Dengue,I have been experiencing chills and shivering. There is a strong pain in my back and also behind my eyes. I have also noticed small red spots on my back and neck.,Febrile/Systemic
Varicose Veins,The veins on my legs are very noticeable and cause me discomfort. It seems like there is a major bruise and I get cramps when I run.,Musculoskeletal/Other
Hypertension,"Along with chest pain, dizziness, and a headache that feels like a narrow zone around my head, I have been having a lot of trouble.",Musculoskeletal/Other
Psoriasis,"My skin rash has extended to other areas of my body, including my chest and belly. It is irritating and unpleasant, and it is frequently worst at night. I'm also experiencing skin flaking.",Dermatological
Dengue,"There are rashes on my skin, which itch if I touch them. I dont feel good as my joints pain whole day. At night, I have mild fever and get chills, because of which I cant sleep too.",Febrile/Systemic
Pneumonia,"I've been coughing a lot and feeling incredibly chilly and exhausted. I have a pretty high fever, and it's difficult for me to breathe. I've been perspiring a lot and generally feeling weak and ill. I've had some quite thick and black phlegm.",Respiratory
Malaria,"Strong itchiness, chills, nausea, and a high temperature have been plaguing me. Along with having a headache, I'm also perspiring a lot. I've also been bothered by nausea and muscle ache.",Febrile/Systemic
peptic ulcer disease,"I regularly have trouble swallowing, and I sometimes feel like food is becoming trapped in my throat. I frequently feel bloated and belch. Every time, I have a bad aftertaste.",Gastrointestinal
peptic ulcer disease,"Bending down or reclining down only makes my stomach feel more. I have pain after eating some foods, such as hot or acidic food. I occasionally get loose stools as a result of this.",Gastrointestinal
Varicose Veins,I am overweight and have noticed that my legs are swollen and the blood vessels are visible. My legs have swollen and I can see a stream of swollen veins on my calves.,Musculoskeletal/Other
Typhoid,"I am experiencing constipation and stomach ache. The discomfort has gotten worse, and it is seriously interfering with my everyday life. I feel like I have lost my appetite to eat anything.",Febrile/Systemic
Cervical spondylosis,"I have been dealing with back pain, a cough that won't go away, and weakness in my arms and legs. My neck hurts and I have had problems with dizziness and maintaining my balance.",Musculoskeletal/Other
gastroesophageal reflux disease,"I have a sore throat or hoarseness, especially in the morning. I have a chronic nagging pain in my throat and bad breath. I also have frequent belching",Gastrointestinal
allergy,"I feel tired all the time, I have lost my taste and have a really sore throat. I also get feverish and often have muscle aches. Sometimes my whole body just cramps up",Dermatological
diabetes,"My emotions change, and I have difficulties focusing. At times, my mind might be cloudy and hazy, making it challenging for me to do even simple tasks.",Musculoskeletal/Other
drug reaction,"When I have a temperature, I feel pretty nauseous and lightheaded. My heart is pounding, and my mind is absolutely foggy. Everything feels a little hazy to me, and I'm having difficulties thinking clearly.",Febrile/Systemic
gastroesophageal reflux disease,"I get a sour taste in my mouth all the time, even when there is nothing acidic in my stomach. I often get the hiccups and have a lump in my throat.",Gastrointestinal
Dimorphic Hemorrhoids,"I've recently been suffering from constipation and digestive discomfort. My anus is quite painful, and it has been bleeding whenever I go. It's excruciatingly painful, and I'm quite uneasy.",Gastrointestinal
Pneumonia,"I've recently had chills, exhaustion, a cough, a high temperature, and breathing issues. I've been perspiring a lot and generally feeling weak and ill. I've had some quite thick and black phlegm. My heart has been racing quite quickly.",Respiratory
Impetigo,My nasal sores have crusted up and become difficult to touch. The wounds used to leak a yellow-rust coloured fluid. It is taking a lot longer to deal with using medication.,Dermatological
Cervical spondylosis,"I've been suffering from severe back pain, a persistent cough, and numbness in my arms and legs. I've been experiencing issues with vertigo and balance issues, and my neck hurts.",Musculoskeletal/Other
Acne,"I woke up this morning to find that I had a major rash all over my body. It's covered in pus-filled pimples and blackheads, and my skin has been scurrying a lot",Dermatological
Fungal infection,I have an itchy skin and lots of red bumps on my arms and legs. There are some weird looking spots on my skin too. And sometimes there are bumps that feel kind of hard.,Dermatological
